--
-- PostgreSQL database dump
--

-- Dumped from database version 13.3 (Ubuntu 13.3-1.pgdg20.04+1)
-- Dumped by pg_dump version 13.3 (Ubuntu 13.3-1.pgdg20.04+1)

SET statement_timeout = 0;
SET lock_timeout = 0;
SET idle_in_transaction_session_timeout = 0;
SET client_encoding = 'UTF8';
SET standard_conforming_strings = on;
SELECT pg_catalog.set_config('search_path', '', false);
SET check_function_bodies = false;
SET xmloption = content;
SET client_min_messages = warning;
SET row_security = off;

SET default_tablespace = '';

SET default_table_access_method = heap;

--
-- Name: auth_group; Type: TABLE; Schema: public; Owner: george
--

CREATE TABLE public.auth_group (
    id integer NOT NULL,
    name character varying(150) NOT NULL
);


ALTER TABLE public.auth_group OWNER TO george;

--
-- Name: auth_group_id_seq; Type: SEQUENCE; Schema: public; Owner: george
--

CREATE SEQUENCE public.auth_group_id_seq
    AS integer
    START WITH 1
    INCREMENT BY 1
    NO MINVALUE
    NO MAXVALUE
    CACHE 1;


ALTER TABLE public.auth_group_id_seq OWNER TO george;

--
-- Name: auth_group_id_seq; Type: SEQUENCE OWNED BY; Schema: public; Owner: george
--

ALTER SEQUENCE public.auth_group_id_seq OWNED BY public.auth_group.id;


--
-- Name: auth_group_permissions; Type: TABLE; Schema: public; Owner: george
--

CREATE TABLE public.auth_group_permissions (
    id bigint NOT NULL,
    group_id integer NOT NULL,
    permission_id integer NOT NULL
);


ALTER TABLE public.auth_group_permissions OWNER TO george;

--
-- Name: auth_group_permissions_id_seq; Type: SEQUENCE; Schema: public; Owner: george
--

CREATE SEQUENCE public.auth_group_permissions_id_seq
    START WITH 1
    INCREMENT BY 1
    NO MINVALUE
    NO MAXVALUE
    CACHE 1;


ALTER TABLE public.auth_group_permissions_id_seq OWNER TO george;

--
-- Name: auth_group_permissions_id_seq; Type: SEQUENCE OWNED BY; Schema: public; Owner: george
--

ALTER SEQUENCE public.auth_group_permissions_id_seq OWNED BY public.auth_group_permissions.id;


--
-- Name: auth_permission; Type: TABLE; Schema: public; Owner: george
--

CREATE TABLE public.auth_permission (
    id integer NOT NULL,
    name character varying(255) NOT NULL,
    content_type_id integer NOT NULL,
    codename character varying(100) NOT NULL
);


ALTER TABLE public.auth_permission OWNER TO george;

--
-- Name: auth_permission_id_seq; Type: SEQUENCE; Schema: public; Owner: george
--

CREATE SEQUENCE public.auth_permission_id_seq
    AS integer
    START WITH 1
    INCREMENT BY 1
    NO MINVALUE
    NO MAXVALUE
    CACHE 1;


ALTER TABLE public.auth_permission_id_seq OWNER TO george;

--
-- Name: auth_permission_id_seq; Type: SEQUENCE OWNED BY; Schema: public; Owner: george
--

ALTER SEQUENCE public.auth_permission_id_seq OWNED BY public.auth_permission.id;


--
-- Name: authtoken_token; Type: TABLE; Schema: public; Owner: george
--

CREATE TABLE public.authtoken_token (
    key character varying(40) NOT NULL,
    created timestamp with time zone NOT NULL,
    user_id bigint NOT NULL
);


ALTER TABLE public.authtoken_token OWNER TO george;

--
-- Name: django_admin_log; Type: TABLE; Schema: public; Owner: george
--

CREATE TABLE public.django_admin_log (
    id integer NOT NULL,
    action_time timestamp with time zone NOT NULL,
    object_id text,
    object_repr character varying(200) NOT NULL,
    action_flag smallint NOT NULL,
    change_message text NOT NULL,
    content_type_id integer,
    user_id bigint NOT NULL,
    CONSTRAINT django_admin_log_action_flag_check CHECK ((action_flag >= 0))
);


ALTER TABLE public.django_admin_log OWNER TO george;

--
-- Name: django_admin_log_id_seq; Type: SEQUENCE; Schema: public; Owner: george
--

CREATE SEQUENCE public.django_admin_log_id_seq
    AS integer
    START WITH 1
    INCREMENT BY 1
    NO MINVALUE
    NO MAXVALUE
    CACHE 1;


ALTER TABLE public.django_admin_log_id_seq OWNER TO george;

--
-- Name: django_admin_log_id_seq; Type: SEQUENCE OWNED BY; Schema: public; Owner: george
--

ALTER SEQUENCE public.django_admin_log_id_seq OWNED BY public.django_admin_log.id;


--
-- Name: django_content_type; Type: TABLE; Schema: public; Owner: george
--

CREATE TABLE public.django_content_type (
    id integer NOT NULL,
    app_label character varying(100) NOT NULL,
    model character varying(100) NOT NULL
);


ALTER TABLE public.django_content_type OWNER TO george;

--
-- Name: django_content_type_id_seq; Type: SEQUENCE; Schema: public; Owner: george
--

CREATE SEQUENCE public.django_content_type_id_seq
    AS integer
    START WITH 1
    INCREMENT BY 1
    NO MINVALUE
    NO MAXVALUE
    CACHE 1;


ALTER TABLE public.django_content_type_id_seq OWNER TO george;

--
-- Name: django_content_type_id_seq; Type: SEQUENCE OWNED BY; Schema: public; Owner: george
--

ALTER SEQUENCE public.django_content_type_id_seq OWNED BY public.django_content_type.id;


--
-- Name: django_migrations; Type: TABLE; Schema: public; Owner: george
--

CREATE TABLE public.django_migrations (
    id bigint NOT NULL,
    app character varying(255) NOT NULL,
    name character varying(255) NOT NULL,
    applied timestamp with time zone NOT NULL
);


ALTER TABLE public.django_migrations OWNER TO george;

--
-- Name: django_migrations_id_seq; Type: SEQUENCE; Schema: public; Owner: george
--

CREATE SEQUENCE public.django_migrations_id_seq
    START WITH 1
    INCREMENT BY 1
    NO MINVALUE
    NO MAXVALUE
    CACHE 1;


ALTER TABLE public.django_migrations_id_seq OWNER TO george;

--
-- Name: django_migrations_id_seq; Type: SEQUENCE OWNED BY; Schema: public; Owner: george
--

ALTER SEQUENCE public.django_migrations_id_seq OWNED BY public.django_migrations.id;


--
-- Name: django_session; Type: TABLE; Schema: public; Owner: george
--

CREATE TABLE public.django_session (
    session_key character varying(40) NOT NULL,
    session_data text NOT NULL,
    expire_date timestamp with time zone NOT NULL
);


ALTER TABLE public.django_session OWNER TO george;

--
-- Name: follow_api_favourite; Type: TABLE; Schema: public; Owner: george
--

CREATE TABLE public.follow_api_favourite (
    id bigint NOT NULL,
    name_id bigint NOT NULL,
    user_id bigint NOT NULL
);


ALTER TABLE public.follow_api_favourite OWNER TO george;

--
-- Name: follow_api_favourite_id_seq; Type: SEQUENCE; Schema: public; Owner: george
--

CREATE SEQUENCE public.follow_api_favourite_id_seq
    START WITH 1
    INCREMENT BY 1
    NO MINVALUE
    NO MAXVALUE
    CACHE 1;


ALTER TABLE public.follow_api_favourite_id_seq OWNER TO george;

--
-- Name: follow_api_favourite_id_seq; Type: SEQUENCE OWNED BY; Schema: public; Owner: george
--

ALTER SEQUENCE public.follow_api_favourite_id_seq OWNED BY public.follow_api_favourite.id;


--
-- Name: recipe_api_ingredient; Type: TABLE; Schema: public; Owner: george
--

CREATE TABLE public.recipe_api_ingredient (
    id bigint NOT NULL,
    name character varying(30) NOT NULL,
    amount integer NOT NULL,
    measurement_unit character varying(30) NOT NULL
);


ALTER TABLE public.recipe_api_ingredient OWNER TO george;

--
-- Name: recipe_api_ingredient_id_seq; Type: SEQUENCE; Schema: public; Owner: george
--

CREATE SEQUENCE public.recipe_api_ingredient_id_seq
    START WITH 1
    INCREMENT BY 1
    NO MINVALUE
    NO MAXVALUE
    CACHE 1;


ALTER TABLE public.recipe_api_ingredient_id_seq OWNER TO george;

--
-- Name: recipe_api_ingredient_id_seq; Type: SEQUENCE OWNED BY; Schema: public; Owner: george
--

ALTER SEQUENCE public.recipe_api_ingredient_id_seq OWNED BY public.recipe_api_ingredient.id;


--
-- Name: recipe_api_recipe; Type: TABLE; Schema: public; Owner: george
--

CREATE TABLE public.recipe_api_recipe (
    id bigint NOT NULL,
    name character varying(30) NOT NULL,
    image character varying(100) NOT NULL,
    text text NOT NULL,
    cooking_time integer NOT NULL,
    author_id bigint NOT NULL
);


ALTER TABLE public.recipe_api_recipe OWNER TO george;

--
-- Name: recipe_api_recipe_id_seq; Type: SEQUENCE; Schema: public; Owner: george
--

CREATE SEQUENCE public.recipe_api_recipe_id_seq
    START WITH 1
    INCREMENT BY 1
    NO MINVALUE
    NO MAXVALUE
    CACHE 1;


ALTER TABLE public.recipe_api_recipe_id_seq OWNER TO george;

--
-- Name: recipe_api_recipe_id_seq; Type: SEQUENCE OWNED BY; Schema: public; Owner: george
--

ALTER SEQUENCE public.recipe_api_recipe_id_seq OWNED BY public.recipe_api_recipe.id;


--
-- Name: recipe_api_recipe_ingredients; Type: TABLE; Schema: public; Owner: george
--

CREATE TABLE public.recipe_api_recipe_ingredients (
    id bigint NOT NULL,
    recipe_id bigint NOT NULL,
    ingredient_id bigint NOT NULL
);


ALTER TABLE public.recipe_api_recipe_ingredients OWNER TO george;

--
-- Name: recipe_api_recipe_ingredients_id_seq; Type: SEQUENCE; Schema: public; Owner: george
--

CREATE SEQUENCE public.recipe_api_recipe_ingredients_id_seq
    START WITH 1
    INCREMENT BY 1
    NO MINVALUE
    NO MAXVALUE
    CACHE 1;


ALTER TABLE public.recipe_api_recipe_ingredients_id_seq OWNER TO george;

--
-- Name: recipe_api_recipe_ingredients_id_seq; Type: SEQUENCE OWNED BY; Schema: public; Owner: george
--

ALTER SEQUENCE public.recipe_api_recipe_ingredients_id_seq OWNED BY public.recipe_api_recipe_ingredients.id;


--
-- Name: recipe_api_recipe_teg; Type: TABLE; Schema: public; Owner: george
--

CREATE TABLE public.recipe_api_recipe_teg (
    id bigint NOT NULL,
    recipe_id bigint NOT NULL,
    tag_id bigint NOT NULL
);


ALTER TABLE public.recipe_api_recipe_teg OWNER TO george;

--
-- Name: recipe_api_recipe_teg_id_seq; Type: SEQUENCE; Schema: public; Owner: george
--

CREATE SEQUENCE public.recipe_api_recipe_teg_id_seq
    START WITH 1
    INCREMENT BY 1
    NO MINVALUE
    NO MAXVALUE
    CACHE 1;


ALTER TABLE public.recipe_api_recipe_teg_id_seq OWNER TO george;

--
-- Name: recipe_api_recipe_teg_id_seq; Type: SEQUENCE OWNED BY; Schema: public; Owner: george
--

ALTER SEQUENCE public.recipe_api_recipe_teg_id_seq OWNED BY public.recipe_api_recipe_teg.id;


--
-- Name: recipe_api_shopping; Type: TABLE; Schema: public; Owner: george
--

CREATE TABLE public.recipe_api_shopping (
    id bigint NOT NULL,
    name_id bigint NOT NULL
);


ALTER TABLE public.recipe_api_shopping OWNER TO george;

--
-- Name: recipe_api_shopping_id_seq; Type: SEQUENCE; Schema: public; Owner: george
--

CREATE SEQUENCE public.recipe_api_shopping_id_seq
    START WITH 1
    INCREMENT BY 1
    NO MINVALUE
    NO MAXVALUE
    CACHE 1;


ALTER TABLE public.recipe_api_shopping_id_seq OWNER TO george;

--
-- Name: recipe_api_shopping_id_seq; Type: SEQUENCE OWNED BY; Schema: public; Owner: george
--

ALTER SEQUENCE public.recipe_api_shopping_id_seq OWNED BY public.recipe_api_shopping.id;


--
-- Name: recipe_api_tag; Type: TABLE; Schema: public; Owner: george
--

CREATE TABLE public.recipe_api_tag (
    id bigint NOT NULL,
    name character varying(30) NOT NULL,
    color character varying(7) NOT NULL,
    slug character varying(50) NOT NULL
);


ALTER TABLE public.recipe_api_tag OWNER TO george;

--
-- Name: recipe_api_tag_id_seq; Type: SEQUENCE; Schema: public; Owner: george
--

CREATE SEQUENCE public.recipe_api_tag_id_seq
    START WITH 1
    INCREMENT BY 1
    NO MINVALUE
    NO MAXVALUE
    CACHE 1;


ALTER TABLE public.recipe_api_tag_id_seq OWNER TO george;

--
-- Name: recipe_api_tag_id_seq; Type: SEQUENCE OWNED BY; Schema: public; Owner: george
--

ALTER SEQUENCE public.recipe_api_tag_id_seq OWNED BY public.recipe_api_tag.id;


--
-- Name: user_api_customuser; Type: TABLE; Schema: public; Owner: george
--

CREATE TABLE public.user_api_customuser (
    id bigint NOT NULL,
    password character varying(128) NOT NULL,
    last_login timestamp with time zone,
    is_superuser boolean NOT NULL,
    is_staff boolean NOT NULL,
    is_active boolean NOT NULL,
    date_joined timestamp with time zone NOT NULL,
    email character varying(55) NOT NULL,
    username character varying(30) NOT NULL,
    first_name character varying(30) NOT NULL,
    last_name character varying(30) NOT NULL,
    is_subscribed boolean NOT NULL
);


ALTER TABLE public.user_api_customuser OWNER TO george;

--
-- Name: user_api_customuser_groups; Type: TABLE; Schema: public; Owner: george
--

CREATE TABLE public.user_api_customuser_groups (
    id bigint NOT NULL,
    customuser_id bigint NOT NULL,
    group_id integer NOT NULL
);


ALTER TABLE public.user_api_customuser_groups OWNER TO george;

--
-- Name: user_api_customuser_groups_id_seq; Type: SEQUENCE; Schema: public; Owner: george
--

CREATE SEQUENCE public.user_api_customuser_groups_id_seq
    START WITH 1
    INCREMENT BY 1
    NO MINVALUE
    NO MAXVALUE
    CACHE 1;


ALTER TABLE public.user_api_customuser_groups_id_seq OWNER TO george;

--
-- Name: user_api_customuser_groups_id_seq; Type: SEQUENCE OWNED BY; Schema: public; Owner: george
--

ALTER SEQUENCE public.user_api_customuser_groups_id_seq OWNED BY public.user_api_customuser_groups.id;


--
-- Name: user_api_customuser_id_seq; Type: SEQUENCE; Schema: public; Owner: george
--

CREATE SEQUENCE public.user_api_customuser_id_seq
    START WITH 1
    INCREMENT BY 1
    NO MINVALUE
    NO MAXVALUE
    CACHE 1;


ALTER TABLE public.user_api_customuser_id_seq OWNER TO george;

--
-- Name: user_api_customuser_id_seq; Type: SEQUENCE OWNED BY; Schema: public; Owner: george
--

ALTER SEQUENCE public.user_api_customuser_id_seq OWNED BY public.user_api_customuser.id;


--
-- Name: user_api_customuser_user_permissions; Type: TABLE; Schema: public; Owner: george
--

CREATE TABLE public.user_api_customuser_user_permissions (
    id bigint NOT NULL,
    customuser_id bigint NOT NULL,
    permission_id integer NOT NULL
);


ALTER TABLE public.user_api_customuser_user_permissions OWNER TO george;

--
-- Name: user_api_customuser_user_permissions_id_seq; Type: SEQUENCE; Schema: public; Owner: george
--

CREATE SEQUENCE public.user_api_customuser_user_permissions_id_seq
    START WITH 1
    INCREMENT BY 1
    NO MINVALUE
    NO MAXVALUE
    CACHE 1;


ALTER TABLE public.user_api_customuser_user_permissions_id_seq OWNER TO george;

--
-- Name: user_api_customuser_user_permissions_id_seq; Type: SEQUENCE OWNED BY; Schema: public; Owner: george
--

ALTER SEQUENCE public.user_api_customuser_user_permissions_id_seq OWNED BY public.user_api_customuser_user_permissions.id;


--
-- Name: user_api_subscribe; Type: TABLE; Schema: public; Owner: george
--

CREATE TABLE public.user_api_subscribe (
    id bigint NOT NULL,
    author_id bigint NOT NULL,
    user_id bigint NOT NULL
);


ALTER TABLE public.user_api_subscribe OWNER TO george;

--
-- Name: user_api_subscribe_id_seq; Type: SEQUENCE; Schema: public; Owner: george
--

CREATE SEQUENCE public.user_api_subscribe_id_seq
    START WITH 1
    INCREMENT BY 1
    NO MINVALUE
    NO MAXVALUE
    CACHE 1;


ALTER TABLE public.user_api_subscribe_id_seq OWNER TO george;

--
-- Name: user_api_subscribe_id_seq; Type: SEQUENCE OWNED BY; Schema: public; Owner: george
--

ALTER SEQUENCE public.user_api_subscribe_id_seq OWNED BY public.user_api_subscribe.id;


--
-- Name: auth_group id; Type: DEFAULT; Schema: public; Owner: george
--

ALTER TABLE ONLY public.auth_group ALTER COLUMN id SET DEFAULT nextval('public.auth_group_id_seq'::regclass);


--
-- Name: auth_group_permissions id; Type: DEFAULT; Schema: public; Owner: george
--

ALTER TABLE ONLY public.auth_group_permissions ALTER COLUMN id SET DEFAULT nextval('public.auth_group_permissions_id_seq'::regclass);


--
-- Name: auth_permission id; Type: DEFAULT; Schema: public; Owner: george
--

ALTER TABLE ONLY public.auth_permission ALTER COLUMN id SET DEFAULT nextval('public.auth_permission_id_seq'::regclass);


--
-- Name: django_admin_log id; Type: DEFAULT; Schema: public; Owner: george
--

ALTER TABLE ONLY public.django_admin_log ALTER COLUMN id SET DEFAULT nextval('public.django_admin_log_id_seq'::regclass);


--
-- Name: django_content_type id; Type: DEFAULT; Schema: public; Owner: george
--

ALTER TABLE ONLY public.django_content_type ALTER COLUMN id SET DEFAULT nextval('public.django_content_type_id_seq'::regclass);


--
-- Name: django_migrations id; Type: DEFAULT; Schema: public; Owner: george
--

ALTER TABLE ONLY public.django_migrations ALTER COLUMN id SET DEFAULT nextval('public.django_migrations_id_seq'::regclass);


--
-- Name: follow_api_favourite id; Type: DEFAULT; Schema: public; Owner: george
--

ALTER TABLE ONLY public.follow_api_favourite ALTER COLUMN id SET DEFAULT nextval('public.follow_api_favourite_id_seq'::regclass);


--
-- Name: recipe_api_ingredient id; Type: DEFAULT; Schema: public; Owner: george
--

ALTER TABLE ONLY public.recipe_api_ingredient ALTER COLUMN id SET DEFAULT nextval('public.recipe_api_ingredient_id_seq'::regclass);


--
-- Name: recipe_api_recipe id; Type: DEFAULT; Schema: public; Owner: george
--

ALTER TABLE ONLY public.recipe_api_recipe ALTER COLUMN id SET DEFAULT nextval('public.recipe_api_recipe_id_seq'::regclass);


--
-- Name: recipe_api_recipe_ingredients id; Type: DEFAULT; Schema: public; Owner: george
--

ALTER TABLE ONLY public.recipe_api_recipe_ingredients ALTER COLUMN id SET DEFAULT nextval('public.recipe_api_recipe_ingredients_id_seq'::regclass);


--
-- Name: recipe_api_recipe_teg id; Type: DEFAULT; Schema: public; Owner: george
--

ALTER TABLE ONLY public.recipe_api_recipe_teg ALTER COLUMN id SET DEFAULT nextval('public.recipe_api_recipe_teg_id_seq'::regclass);


--
-- Name: recipe_api_shopping id; Type: DEFAULT; Schema: public; Owner: george
--

ALTER TABLE ONLY public.recipe_api_shopping ALTER COLUMN id SET DEFAULT nextval('public.recipe_api_shopping_id_seq'::regclass);


--
-- Name: recipe_api_tag id; Type: DEFAULT; Schema: public; Owner: george
--

ALTER TABLE ONLY public.recipe_api_tag ALTER COLUMN id SET DEFAULT nextval('public.recipe_api_tag_id_seq'::regclass);


--
-- Name: user_api_customuser id; Type: DEFAULT; Schema: public; Owner: george
--

ALTER TABLE ONLY public.user_api_customuser ALTER COLUMN id SET DEFAULT nextval('public.user_api_customuser_id_seq'::regclass);


--
-- Name: user_api_customuser_groups id; Type: DEFAULT; Schema: public; Owner: george
--

ALTER TABLE ONLY public.user_api_customuser_groups ALTER COLUMN id SET DEFAULT nextval('public.user_api_customuser_groups_id_seq'::regclass);


--
-- Name: user_api_customuser_user_permissions id; Type: DEFAULT; Schema: public; Owner: george
--

ALTER TABLE ONLY public.user_api_customuser_user_permissions ALTER COLUMN id SET DEFAULT nextval('public.user_api_customuser_user_permissions_id_seq'::regclass);


--
-- Name: user_api_subscribe id; Type: DEFAULT; Schema: public; Owner: george
--

ALTER TABLE ONLY public.user_api_subscribe ALTER COLUMN id SET DEFAULT nextval('public.user_api_subscribe_id_seq'::regclass);


--
-- Data for Name: auth_group; Type: TABLE DATA; Schema: public; Owner: george
--

COPY public.auth_group (id, name) FROM stdin;
\.


--
-- Data for Name: auth_group_permissions; Type: TABLE DATA; Schema: public; Owner: george
--

COPY public.auth_group_permissions (id, group_id, permission_id) FROM stdin;
\.


--
-- Data for Name: auth_permission; Type: TABLE DATA; Schema: public; Owner: george
--

COPY public.auth_permission (id, name, content_type_id, codename) FROM stdin;
1	Can add log entry	1	add_logentry
2	Can change log entry	1	change_logentry
3	Can delete log entry	1	delete_logentry
4	Can view log entry	1	view_logentry
5	Can add permission	2	add_permission
6	Can change permission	2	change_permission
7	Can delete permission	2	delete_permission
8	Can view permission	2	view_permission
9	Can add group	3	add_group
10	Can change group	3	change_group
11	Can delete group	3	delete_group
12	Can view group	3	view_group
13	Can add content type	4	add_contenttype
14	Can change content type	4	change_contenttype
15	Can delete content type	4	delete_contenttype
16	Can view content type	4	view_contenttype
17	Can add session	5	add_session
18	Can change session	5	change_session
19	Can delete session	5	delete_session
20	Can view session	5	view_session
21	Can add Token	6	add_token
22	Can change Token	6	change_token
23	Can delete Token	6	delete_token
24	Can view Token	6	view_token
25	Can add token	7	add_tokenproxy
26	Can change token	7	change_tokenproxy
27	Can delete token	7	delete_tokenproxy
28	Can view token	7	view_tokenproxy
29	Can add Ингредиент	8	add_ingredient
30	Can change Ингредиент	8	change_ingredient
31	Can delete Ингредиент	8	delete_ingredient
32	Can view Ингредиент	8	view_ingredient
33	Can add Рецепт	9	add_recipe
34	Can change Рецепт	9	change_recipe
35	Can delete Рецепт	9	delete_recipe
36	Can view Рецепт	9	view_recipe
37	Can add Тег	10	add_tag
38	Can change Тег	10	change_tag
39	Can delete Тег	10	delete_tag
40	Can view Тег	10	view_tag
41	Can add Список покупок	11	add_shopping
42	Can change Список покупок	11	change_shopping
43	Can delete Список покупок	11	delete_shopping
44	Can view Список покупок	11	view_shopping
45	Can add Пользователь	12	add_customuser
46	Can change Пользователь	12	change_customuser
47	Can delete Пользователь	12	delete_customuser
48	Can view Пользователь	12	view_customuser
49	Can add Подписка	13	add_subscribe
50	Can change Подписка	13	change_subscribe
51	Can delete Подписка	13	delete_subscribe
52	Can view Подписка	13	view_subscribe
53	Can add Избранное	14	add_favourite
54	Can change Избранное	14	change_favourite
55	Can delete Избранное	14	delete_favourite
56	Can view Избранное	14	view_favourite
\.


--
-- Data for Name: authtoken_token; Type: TABLE DATA; Schema: public; Owner: george
--

COPY public.authtoken_token (key, created, user_id) FROM stdin;
d20662e99b30dee2658fd509914fa690a2c90234	2021-07-26 18:49:48.347078+03	1
\.


--
-- Data for Name: django_admin_log; Type: TABLE DATA; Schema: public; Owner: george
--

COPY public.django_admin_log (id, action_time, object_id, object_repr, action_flag, change_message, content_type_id, user_id) FROM stdin;
1	2021-07-26 18:38:07.050404+03	2	olezhenka777@mail.ru	1	[{"added": {}}]	12	1
2	2021-07-26 18:39:34.893573+03	1	Картошка, 400 г	1	[{"added": {}}]	8	1
3	2021-07-26 18:40:04.254675+03	2	Шампиньоны, 30 г	1	[{"added": {}}]	8	1
4	2021-07-26 18:40:36.896102+03	3	Сосиска, 4 шт	1	[{"added": {}}]	8	1
5	2021-07-26 18:41:01.325138+03	4	Масло оливковое, 5 ст. л	1	[{"added": {}}]	8	1
6	2021-07-26 18:41:45.092566+03	5	Базилик, 3 щепотки	1	[{"added": {}}]	8	1
7	2021-07-26 18:42:03.890042+03	6	Укроп, 5 щепоток	1	[{"added": {}}]	8	1
8	2021-07-26 18:42:18.635134+03	7	Соль, 3 щепотки	1	[{"added": {}}]	8	1
9	2021-07-26 18:43:53.313828+03	1	Картошка	1	[{"added": {}}]	10	1
10	2021-07-26 18:44:05.515225+03	1	Жаренная картошка	1	[{"added": {}}]	9	1
11	2021-07-26 18:45:27.395406+03	8	Куринный бульён, 1 л	1	[{"added": {}}]	8	1
12	2021-07-26 18:45:46.804507+03	9	Горох, 400 г	1	[{"added": {}}]	8	1
13	2021-07-26 18:47:00.140398+03	10	Картошка отварная, 100 г	1	[{"added": {}}]	8	1
14	2021-07-26 18:47:43.688175+03	2	Суп	1	[{"added": {}}]	10	1
15	2021-07-26 18:47:47.566791+03	2	Суп гороховый	1	[{"added": {}}]	9	1
16	2021-07-26 18:48:05.133886+03	2	Суп гороховый	2	[{"changed": {"fields": ["\\u0412\\u0440\\u0435\\u043c\\u044f \\u043f\\u0440\\u0438\\u0433\\u043e\\u0442\\u043e\\u0432\\u043b\\u0435\\u043d\\u0438\\u044f"]}}]	9	1
17	2021-07-26 18:56:39.543889+03	2	Суп гороховый	1	[{"added": {}}]	14	1
18	2021-07-26 18:56:52.768586+03	3	Жаренная картошка	1	[{"added": {}}]	14	1
19	2021-07-26 19:48:35.135506+03	4	Жаренная картошка	1	[{"added": {}}]	14	1
\.


--
-- Data for Name: django_content_type; Type: TABLE DATA; Schema: public; Owner: george
--

COPY public.django_content_type (id, app_label, model) FROM stdin;
1	admin	logentry
2	auth	permission
3	auth	group
4	contenttypes	contenttype
5	sessions	session
6	authtoken	token
7	authtoken	tokenproxy
8	recipe_api	ingredient
9	recipe_api	recipe
10	recipe_api	tag
11	recipe_api	shopping
12	user_api	customuser
13	user_api	subscribe
14	follow_api	favourite
\.


--
-- Data for Name: django_migrations; Type: TABLE DATA; Schema: public; Owner: george
--

COPY public.django_migrations (id, app, name, applied) FROM stdin;
1	contenttypes	0001_initial	2021-07-26 18:31:01.788279+03
2	contenttypes	0002_remove_content_type_name	2021-07-26 18:31:01.798297+03
3	auth	0001_initial	2021-07-26 18:31:01.85682+03
4	auth	0002_alter_permission_name_max_length	2021-07-26 18:31:01.863028+03
5	auth	0003_alter_user_email_max_length	2021-07-26 18:31:01.86949+03
6	auth	0004_alter_user_username_opts	2021-07-26 18:31:01.875852+03
7	auth	0005_alter_user_last_login_null	2021-07-26 18:31:01.882746+03
8	auth	0006_require_contenttypes_0002	2021-07-26 18:31:01.88543+03
9	auth	0007_alter_validators_add_error_messages	2021-07-26 18:31:01.891629+03
10	auth	0008_alter_user_username_max_length	2021-07-26 18:31:01.898134+03
11	auth	0009_alter_user_last_name_max_length	2021-07-26 18:31:01.905635+03
12	auth	0010_alter_group_name_max_length	2021-07-26 18:31:01.914863+03
13	auth	0011_update_proxy_permissions	2021-07-26 18:31:01.922533+03
14	auth	0012_alter_user_first_name_max_length	2021-07-26 18:31:01.930191+03
15	user_api	0001_initial	2021-07-26 18:31:02.007679+03
16	admin	0001_initial	2021-07-26 18:31:02.032864+03
17	admin	0002_logentry_remove_auto_add	2021-07-26 18:31:02.040874+03
18	admin	0003_logentry_add_action_flag_choices	2021-07-26 18:31:02.050416+03
19	authtoken	0001_initial	2021-07-26 18:31:02.070849+03
20	authtoken	0002_auto_20160226_1747	2021-07-26 18:31:02.098934+03
21	authtoken	0003_tokenproxy	2021-07-26 18:31:02.102703+03
22	recipe_api	0001_initial	2021-07-26 18:31:02.14699+03
23	follow_api	0001_initial	2021-07-26 18:31:02.15542+03
24	follow_api	0002_favourite_name	2021-07-26 18:31:02.16756+03
25	follow_api	0003_initial	2021-07-26 18:31:02.200372+03
26	recipe_api	0002_initial	2021-07-26 18:31:02.279819+03
27	sessions	0001_initial	2021-07-26 18:31:02.29926+03
\.


--
-- Data for Name: django_session; Type: TABLE DATA; Schema: public; Owner: george
--

COPY public.django_session (session_key, session_data, expire_date) FROM stdin;
8d77oc6ltitib29i5g9n0q9vyq3mnzp9	.eJxVjEEOwiAQRe_C2hBgCoJL956BDAwjVUOT0q6Md7dNutDtf-_9t4i4LjWuvcxxJHERWpx-t4T5WdoO6IHtPsk8tWUek9wVedAubxOV1_Vw_w4q9rrVgNl5Zc-qWKs5DMF4U4BCgqKJEjGTQtQAqDkPnBx7Hyzj5oHx5MTnC-lWOD8:1m82fk:1Qv58A-nQORNelOdPz8PcFLA_2Mo5N-oRypp8-lbsj8	2021-08-09 18:37:40.147632+03
dbhvjpy4nq6d2j7knpa5td20qw1b4b9g	.eJxVjEEOwiAQRe_C2hBgCoJL956BDAwjVUOT0q6Md7dNutDtf-_9t4i4LjWuvcxxJHERWpx-t4T5WdoO6IHtPsk8tWUek9wVedAubxOV1_Vw_w4q9rrVgNl5Zc-qWKs5DMF4U4BCgqKJEjGTQtQAqDkPnBx7Hyzj5oHx5MTnC-lWOD8:1m83gl:4G0mf0N29JbfTr5rrwI9aJd3B5Ci6vDsbrv8Qar2uxA	2021-08-09 19:42:47.193735+03
\.


--
-- Data for Name: follow_api_favourite; Type: TABLE DATA; Schema: public; Owner: george
--

COPY public.follow_api_favourite (id, name_id, user_id) FROM stdin;
2	2	1
3	1	2
29	1	1
\.


--
-- Data for Name: recipe_api_ingredient; Type: TABLE DATA; Schema: public; Owner: george
--

COPY public.recipe_api_ingredient (id, name, amount, measurement_unit) FROM stdin;
1	Картошка	400	г
2	Шампиньоны	30	г
3	Сосиска	4	шт
4	Масло оливковое	5	ст. л
5	Базилик	3	щепотки
6	Укроп	5	щепоток
7	Соль	3	щепотки
8	Куринный бульён	1	л
9	Горох	400	г
10	Картошка отварная	100	г
\.


--
-- Data for Name: recipe_api_recipe; Type: TABLE DATA; Schema: public; Owner: george
--

COPY public.recipe_api_recipe (id, name, image, text, cooking_time, author_id) FROM stdin;
1	Жаренная картошка	user_api/Снимок_экрана_от_2021-07-15_23-48-06.png	Соленая, с перцем и грибами. Золотистого цвета.	30	2
2	Суп гороховый	user_api/Снимок_экрана_от_2021-07-15_23-48-06_HlrXZWG.png	Гороховый суп, изысканный.	50	1
\.


--
-- Data for Name: recipe_api_recipe_ingredients; Type: TABLE DATA; Schema: public; Owner: george
--

COPY public.recipe_api_recipe_ingredients (id, recipe_id, ingredient_id) FROM stdin;
1	1	1
2	1	2
3	1	3
4	1	4
5	1	5
6	1	6
7	1	7
8	2	6
9	2	7
10	2	8
11	2	9
12	2	10
\.


--
-- Data for Name: recipe_api_recipe_teg; Type: TABLE DATA; Schema: public; Owner: george
--

COPY public.recipe_api_recipe_teg (id, recipe_id, tag_id) FROM stdin;
1	1	1
2	2	2
\.


--
-- Data for Name: recipe_api_shopping; Type: TABLE DATA; Schema: public; Owner: george
--

COPY public.recipe_api_shopping (id, name_id) FROM stdin;
\.


--
-- Data for Name: recipe_api_tag; Type: TABLE DATA; Schema: public; Owner: george
--

COPY public.recipe_api_tag (id, name, color, slug) FROM stdin;
1	Картошка	#FFBF3E	potatoes
2	Суп	#E1FF95	sup
\.


--
-- Data for Name: user_api_customuser; Type: TABLE DATA; Schema: public; Owner: george
--

COPY public.user_api_customuser (id, password, last_login, is_superuser, is_staff, is_active, date_joined, email, username, first_name, last_name, is_subscribed) FROM stdin;
2	admin	\N	f	f	t	2021-07-26 18:37:48+03	olezhenka777@mail.ru	oleg777	Олег	Нурмагомедов	f
1	pbkdf2_sha256$260000$QrZ7QDMxtW3dQOUnlDCjyv$CkkjbwTM2cnRpdbT4x2Q66THnBqL7XB2AjkCr4zIt1A=	2021-07-26 19:42:47.187081+03	t	t	t	2021-07-26 18:31:22.419545+03	nevajno23@mail.ru	admin			f
\.


--
-- Data for Name: user_api_customuser_groups; Type: TABLE DATA; Schema: public; Owner: george
--

COPY public.user_api_customuser_groups (id, customuser_id, group_id) FROM stdin;
\.


--
-- Data for Name: user_api_customuser_user_permissions; Type: TABLE DATA; Schema: public; Owner: george
--

COPY public.user_api_customuser_user_permissions (id, customuser_id, permission_id) FROM stdin;
\.


--
-- Data for Name: user_api_subscribe; Type: TABLE DATA; Schema: public; Owner: george
--

COPY public.user_api_subscribe (id, author_id, user_id) FROM stdin;
\.


--
-- Name: auth_group_id_seq; Type: SEQUENCE SET; Schema: public; Owner: george
--

SELECT pg_catalog.setval('public.auth_group_id_seq', 1, false);


--
-- Name: auth_group_permissions_id_seq; Type: SEQUENCE SET; Schema: public; Owner: george
--

SELECT pg_catalog.setval('public.auth_group_permissions_id_seq', 1, false);


--
-- Name: auth_permission_id_seq; Type: SEQUENCE SET; Schema: public; Owner: george
--

SELECT pg_catalog.setval('public.auth_permission_id_seq', 56, true);


--
-- Name: django_admin_log_id_seq; Type: SEQUENCE SET; Schema: public; Owner: george
--

SELECT pg_catalog.setval('public.django_admin_log_id_seq', 19, true);


--
-- Name: django_content_type_id_seq; Type: SEQUENCE SET; Schema: public; Owner: george
--

SELECT pg_catalog.setval('public.django_content_type_id_seq', 14, true);


--
-- Name: django_migrations_id_seq; Type: SEQUENCE SET; Schema: public; Owner: george
--

SELECT pg_catalog.setval('public.django_migrations_id_seq', 27, true);


--
-- Name: follow_api_favourite_id_seq; Type: SEQUENCE SET; Schema: public; Owner: george
--

SELECT pg_catalog.setval('public.follow_api_favourite_id_seq', 29, true);


--
-- Name: recipe_api_ingredient_id_seq; Type: SEQUENCE SET; Schema: public; Owner: george
--

SELECT pg_catalog.setval('public.recipe_api_ingredient_id_seq', 10, true);


--
-- Name: recipe_api_recipe_id_seq; Type: SEQUENCE SET; Schema: public; Owner: george
--

SELECT pg_catalog.setval('public.recipe_api_recipe_id_seq', 2, true);


--
-- Name: recipe_api_recipe_ingredients_id_seq; Type: SEQUENCE SET; Schema: public; Owner: george
--

SELECT pg_catalog.setval('public.recipe_api_recipe_ingredients_id_seq', 12, true);


--
-- Name: recipe_api_recipe_teg_id_seq; Type: SEQUENCE SET; Schema: public; Owner: george
--

SELECT pg_catalog.setval('public.recipe_api_recipe_teg_id_seq', 2, true);


--
-- Name: recipe_api_shopping_id_seq; Type: SEQUENCE SET; Schema: public; Owner: george
--

SELECT pg_catalog.setval('public.recipe_api_shopping_id_seq', 1, false);


--
-- Name: recipe_api_tag_id_seq; Type: SEQUENCE SET; Schema: public; Owner: george
--

SELECT pg_catalog.setval('public.recipe_api_tag_id_seq', 2, true);


--
-- Name: user_api_customuser_groups_id_seq; Type: SEQUENCE SET; Schema: public; Owner: george
--

SELECT pg_catalog.setval('public.user_api_customuser_groups_id_seq', 1, false);


--
-- Name: user_api_customuser_id_seq; Type: SEQUENCE SET; Schema: public; Owner: george
--

SELECT pg_catalog.setval('public.user_api_customuser_id_seq', 2, true);


--
-- Name: user_api_customuser_user_permissions_id_seq; Type: SEQUENCE SET; Schema: public; Owner: george
--

SELECT pg_catalog.setval('public.user_api_customuser_user_permissions_id_seq', 1, false);


--
-- Name: user_api_subscribe_id_seq; Type: SEQUENCE SET; Schema: public; Owner: george
--

SELECT pg_catalog.setval('public.user_api_subscribe_id_seq', 1, false);


--
-- Name: auth_group auth_group_name_key; Type: CONSTRAINT; Schema: public; Owner: george
--

ALTER TABLE ONLY public.auth_group
    ADD CONSTRAINT auth_group_name_key UNIQUE (name);


--
-- Name: auth_group_permissions auth_group_permissions_group_id_permission_id_0cd325b0_uniq; Type: CONSTRAINT; Schema: public; Owner: george
--

ALTER TABLE ONLY public.auth_group_permissions
    ADD CONSTRAINT auth_group_permissions_group_id_permission_id_0cd325b0_uniq UNIQUE (group_id, permission_id);


--
-- Name: auth_group_permissions auth_group_permissions_pkey; Type: CONSTRAINT; Schema: public; Owner: george
--

ALTER TABLE ONLY public.auth_group_permissions
    ADD CONSTRAINT auth_group_permissions_pkey PRIMARY KEY (id);


--
-- Name: auth_group auth_group_pkey; Type: CONSTRAINT; Schema: public; Owner: george
--

ALTER TABLE ONLY public.auth_group
    ADD CONSTRAINT auth_group_pkey PRIMARY KEY (id);


--
-- Name: auth_permission auth_permission_content_type_id_codename_01ab375a_uniq; Type: CONSTRAINT; Schema: public; Owner: george
--

ALTER TABLE ONLY public.auth_permission
    ADD CONSTRAINT auth_permission_content_type_id_codename_01ab375a_uniq UNIQUE (content_type_id, codename);


--
-- Name: auth_permission auth_permission_pkey; Type: CONSTRAINT; Schema: public; Owner: george
--

ALTER TABLE ONLY public.auth_permission
    ADD CONSTRAINT auth_permission_pkey PRIMARY KEY (id);


--
-- Name: authtoken_token authtoken_token_pkey; Type: CONSTRAINT; Schema: public; Owner: george
--

ALTER TABLE ONLY public.authtoken_token
    ADD CONSTRAINT authtoken_token_pkey PRIMARY KEY (key);


--
-- Name: authtoken_token authtoken_token_user_id_key; Type: CONSTRAINT; Schema: public; Owner: george
--

ALTER TABLE ONLY public.authtoken_token
    ADD CONSTRAINT authtoken_token_user_id_key UNIQUE (user_id);


--
-- Name: django_admin_log django_admin_log_pkey; Type: CONSTRAINT; Schema: public; Owner: george
--

ALTER TABLE ONLY public.django_admin_log
    ADD CONSTRAINT django_admin_log_pkey PRIMARY KEY (id);


--
-- Name: django_content_type django_content_type_app_label_model_76bd3d3b_uniq; Type: CONSTRAINT; Schema: public; Owner: george
--

ALTER TABLE ONLY public.django_content_type
    ADD CONSTRAINT django_content_type_app_label_model_76bd3d3b_uniq UNIQUE (app_label, model);


--
-- Name: django_content_type django_content_type_pkey; Type: CONSTRAINT; Schema: public; Owner: george
--

ALTER TABLE ONLY public.django_content_type
    ADD CONSTRAINT django_content_type_pkey PRIMARY KEY (id);


--
-- Name: django_migrations django_migrations_pkey; Type: CONSTRAINT; Schema: public; Owner: george
--

ALTER TABLE ONLY public.django_migrations
    ADD CONSTRAINT django_migrations_pkey PRIMARY KEY (id);


--
-- Name: django_session django_session_pkey; Type: CONSTRAINT; Schema: public; Owner: george
--

ALTER TABLE ONLY public.django_session
    ADD CONSTRAINT django_session_pkey PRIMARY KEY (session_key);


--
-- Name: follow_api_favourite follow_api_favourite_name_id_user_id_05c12353_uniq; Type: CONSTRAINT; Schema: public; Owner: george
--

ALTER TABLE ONLY public.follow_api_favourite
    ADD CONSTRAINT follow_api_favourite_name_id_user_id_05c12353_uniq UNIQUE (name_id, user_id);


--
-- Name: follow_api_favourite follow_api_favourite_pkey; Type: CONSTRAINT; Schema: public; Owner: george
--

ALTER TABLE ONLY public.follow_api_favourite
    ADD CONSTRAINT follow_api_favourite_pkey PRIMARY KEY (id);


--
-- Name: recipe_api_ingredient recipe_api_ingredient_name_key; Type: CONSTRAINT; Schema: public; Owner: george
--

ALTER TABLE ONLY public.recipe_api_ingredient
    ADD CONSTRAINT recipe_api_ingredient_name_key UNIQUE (name);


--
-- Name: recipe_api_ingredient recipe_api_ingredient_pkey; Type: CONSTRAINT; Schema: public; Owner: george
--

ALTER TABLE ONLY public.recipe_api_ingredient
    ADD CONSTRAINT recipe_api_ingredient_pkey PRIMARY KEY (id);


--
-- Name: recipe_api_recipe_ingredients recipe_api_recipe_ingred_recipe_id_ingredient_id_1a0b058e_uniq; Type: CONSTRAINT; Schema: public; Owner: george
--

ALTER TABLE ONLY public.recipe_api_recipe_ingredients
    ADD CONSTRAINT recipe_api_recipe_ingred_recipe_id_ingredient_id_1a0b058e_uniq UNIQUE (recipe_id, ingredient_id);


--
-- Name: recipe_api_recipe_ingredients recipe_api_recipe_ingredients_pkey; Type: CONSTRAINT; Schema: public; Owner: george
--

ALTER TABLE ONLY public.recipe_api_recipe_ingredients
    ADD CONSTRAINT recipe_api_recipe_ingredients_pkey PRIMARY KEY (id);


--
-- Name: recipe_api_recipe recipe_api_recipe_pkey; Type: CONSTRAINT; Schema: public; Owner: george
--

ALTER TABLE ONLY public.recipe_api_recipe
    ADD CONSTRAINT recipe_api_recipe_pkey PRIMARY KEY (id);


--
-- Name: recipe_api_recipe_teg recipe_api_recipe_teg_pkey; Type: CONSTRAINT; Schema: public; Owner: george
--

ALTER TABLE ONLY public.recipe_api_recipe_teg
    ADD CONSTRAINT recipe_api_recipe_teg_pkey PRIMARY KEY (id);


--
-- Name: recipe_api_recipe_teg recipe_api_recipe_teg_recipe_id_tag_id_45e673cc_uniq; Type: CONSTRAINT; Schema: public; Owner: george
--

ALTER TABLE ONLY public.recipe_api_recipe_teg
    ADD CONSTRAINT recipe_api_recipe_teg_recipe_id_tag_id_45e673cc_uniq UNIQUE (recipe_id, tag_id);


--
-- Name: recipe_api_shopping recipe_api_shopping_pkey; Type: CONSTRAINT; Schema: public; Owner: george
--

ALTER TABLE ONLY public.recipe_api_shopping
    ADD CONSTRAINT recipe_api_shopping_pkey PRIMARY KEY (id);


--
-- Name: recipe_api_tag recipe_api_tag_pkey; Type: CONSTRAINT; Schema: public; Owner: george
--

ALTER TABLE ONLY public.recipe_api_tag
    ADD CONSTRAINT recipe_api_tag_pkey PRIMARY KEY (id);


--
-- Name: recipe_api_tag recipe_api_tag_slug_key; Type: CONSTRAINT; Schema: public; Owner: george
--

ALTER TABLE ONLY public.recipe_api_tag
    ADD CONSTRAINT recipe_api_tag_slug_key UNIQUE (slug);


--
-- Name: user_api_customuser user_api_customuser_email_key; Type: CONSTRAINT; Schema: public; Owner: george
--

ALTER TABLE ONLY public.user_api_customuser
    ADD CONSTRAINT user_api_customuser_email_key UNIQUE (email);


--
-- Name: user_api_customuser_groups user_api_customuser_groups_customuser_id_group_id_a771d2a7_uniq; Type: CONSTRAINT; Schema: public; Owner: george
--

ALTER TABLE ONLY public.user_api_customuser_groups
    ADD CONSTRAINT user_api_customuser_groups_customuser_id_group_id_a771d2a7_uniq UNIQUE (customuser_id, group_id);


--
-- Name: user_api_customuser_groups user_api_customuser_groups_pkey; Type: CONSTRAINT; Schema: public; Owner: george
--

ALTER TABLE ONLY public.user_api_customuser_groups
    ADD CONSTRAINT user_api_customuser_groups_pkey PRIMARY KEY (id);


--
-- Name: user_api_customuser user_api_customuser_pkey; Type: CONSTRAINT; Schema: public; Owner: george
--

ALTER TABLE ONLY public.user_api_customuser
    ADD CONSTRAINT user_api_customuser_pkey PRIMARY KEY (id);


--
-- Name: user_api_customuser_user_permissions user_api_customuser_user_customuser_id_permission_ebaff0f7_uniq; Type: CONSTRAINT; Schema: public; Owner: george
--

ALTER TABLE ONLY public.user_api_customuser_user_permissions
    ADD CONSTRAINT user_api_customuser_user_customuser_id_permission_ebaff0f7_uniq UNIQUE (customuser_id, permission_id);


--
-- Name: user_api_customuser_user_permissions user_api_customuser_user_permissions_pkey; Type: CONSTRAINT; Schema: public; Owner: george
--

ALTER TABLE ONLY public.user_api_customuser_user_permissions
    ADD CONSTRAINT user_api_customuser_user_permissions_pkey PRIMARY KEY (id);


--
-- Name: user_api_customuser user_api_customuser_username_key; Type: CONSTRAINT; Schema: public; Owner: george
--

ALTER TABLE ONLY public.user_api_customuser
    ADD CONSTRAINT user_api_customuser_username_key UNIQUE (username);


--
-- Name: user_api_subscribe user_api_subscribe_author_id_user_id_ec3a3d66_uniq; Type: CONSTRAINT; Schema: public; Owner: george
--

ALTER TABLE ONLY public.user_api_subscribe
    ADD CONSTRAINT user_api_subscribe_author_id_user_id_ec3a3d66_uniq UNIQUE (author_id, user_id);


--
-- Name: user_api_subscribe user_api_subscribe_pkey; Type: CONSTRAINT; Schema: public; Owner: george
--

ALTER TABLE ONLY public.user_api_subscribe
    ADD CONSTRAINT user_api_subscribe_pkey PRIMARY KEY (id);


--
-- Name: auth_group_name_a6ea08ec_like; Type: INDEX; Schema: public; Owner: george
--

CREATE INDEX auth_group_name_a6ea08ec_like ON public.auth_group USING btree (name varchar_pattern_ops);


--
-- Name: auth_group_permissions_group_id_b120cbf9; Type: INDEX; Schema: public; Owner: george
--

CREATE INDEX auth_group_permissions_group_id_b120cbf9 ON public.auth_group_permissions USING btree (group_id);


--
-- Name: auth_group_permissions_permission_id_84c5c92e; Type: INDEX; Schema: public; Owner: george
--

CREATE INDEX auth_group_permissions_permission_id_84c5c92e ON public.auth_group_permissions USING btree (permission_id);


--
-- Name: auth_permission_content_type_id_2f476e4b; Type: INDEX; Schema: public; Owner: george
--

CREATE INDEX auth_permission_content_type_id_2f476e4b ON public.auth_permission USING btree (content_type_id);


--
-- Name: authtoken_token_key_10f0b77e_like; Type: INDEX; Schema: public; Owner: george
--

CREATE INDEX authtoken_token_key_10f0b77e_like ON public.authtoken_token USING btree (key varchar_pattern_ops);


--
-- Name: django_admin_log_content_type_id_c4bce8eb; Type: INDEX; Schema: public; Owner: george
--

CREATE INDEX django_admin_log_content_type_id_c4bce8eb ON public.django_admin_log USING btree (content_type_id);


--
-- Name: django_admin_log_user_id_c564eba6; Type: INDEX; Schema: public; Owner: george
--

CREATE INDEX django_admin_log_user_id_c564eba6 ON public.django_admin_log USING btree (user_id);


--
-- Name: django_session_expire_date_a5c62663; Type: INDEX; Schema: public; Owner: george
--

CREATE INDEX django_session_expire_date_a5c62663 ON public.django_session USING btree (expire_date);


--
-- Name: django_session_session_key_c0390e0f_like; Type: INDEX; Schema: public; Owner: george
--

CREATE INDEX django_session_session_key_c0390e0f_like ON public.django_session USING btree (session_key varchar_pattern_ops);


--
-- Name: follow_api_favourite_name_id_8d395820; Type: INDEX; Schema: public; Owner: george
--

CREATE INDEX follow_api_favourite_name_id_8d395820 ON public.follow_api_favourite USING btree (name_id);


--
-- Name: follow_api_favourite_user_id_597b61af; Type: INDEX; Schema: public; Owner: george
--

CREATE INDEX follow_api_favourite_user_id_597b61af ON public.follow_api_favourite USING btree (user_id);


--
-- Name: recipe_api_ingredient_name_9071844b_like; Type: INDEX; Schema: public; Owner: george
--

CREATE INDEX recipe_api_ingredient_name_9071844b_like ON public.recipe_api_ingredient USING btree (name varchar_pattern_ops);


--
-- Name: recipe_api_recipe_author_id_109c63e1; Type: INDEX; Schema: public; Owner: george
--

CREATE INDEX recipe_api_recipe_author_id_109c63e1 ON public.recipe_api_recipe USING btree (author_id);


--
-- Name: recipe_api_recipe_ingredients_ingredient_id_8d1d8f84; Type: INDEX; Schema: public; Owner: george
--

CREATE INDEX recipe_api_recipe_ingredients_ingredient_id_8d1d8f84 ON public.recipe_api_recipe_ingredients USING btree (ingredient_id);


--
-- Name: recipe_api_recipe_ingredients_recipe_id_4ac1d322; Type: INDEX; Schema: public; Owner: george
--

CREATE INDEX recipe_api_recipe_ingredients_recipe_id_4ac1d322 ON public.recipe_api_recipe_ingredients USING btree (recipe_id);


--
-- Name: recipe_api_recipe_teg_recipe_id_93d1281d; Type: INDEX; Schema: public; Owner: george
--

CREATE INDEX recipe_api_recipe_teg_recipe_id_93d1281d ON public.recipe_api_recipe_teg USING btree (recipe_id);


--
-- Name: recipe_api_recipe_teg_tag_id_83f2f0e6; Type: INDEX; Schema: public; Owner: george
--

CREATE INDEX recipe_api_recipe_teg_tag_id_83f2f0e6 ON public.recipe_api_recipe_teg USING btree (tag_id);


--
-- Name: recipe_api_shopping_name_id_7e8d84e7; Type: INDEX; Schema: public; Owner: george
--

CREATE INDEX recipe_api_shopping_name_id_7e8d84e7 ON public.recipe_api_shopping USING btree (name_id);


--
-- Name: recipe_api_tag_slug_5d838405_like; Type: INDEX; Schema: public; Owner: george
--

CREATE INDEX recipe_api_tag_slug_5d838405_like ON public.recipe_api_tag USING btree (slug varchar_pattern_ops);


--
-- Name: user_api_customuser_email_1c1b682d_like; Type: INDEX; Schema: public; Owner: george
--

CREATE INDEX user_api_customuser_email_1c1b682d_like ON public.user_api_customuser USING btree (email varchar_pattern_ops);


--
-- Name: user_api_customuser_groups_customuser_id_15ea66c9; Type: INDEX; Schema: public; Owner: george
--

CREATE INDEX user_api_customuser_groups_customuser_id_15ea66c9 ON public.user_api_customuser_groups USING btree (customuser_id);


--
-- Name: user_api_customuser_groups_group_id_0c50ab61; Type: INDEX; Schema: public; Owner: george
--

CREATE INDEX user_api_customuser_groups_group_id_0c50ab61 ON public.user_api_customuser_groups USING btree (group_id);


--
-- Name: user_api_customuser_user_permissions_customuser_id_5d75f49b; Type: INDEX; Schema: public; Owner: george
--

CREATE INDEX user_api_customuser_user_permissions_customuser_id_5d75f49b ON public.user_api_customuser_user_permissions USING btree (customuser_id);


--
-- Name: user_api_customuser_user_permissions_permission_id_bfb547d4; Type: INDEX; Schema: public; Owner: george
--

CREATE INDEX user_api_customuser_user_permissions_permission_id_bfb547d4 ON public.user_api_customuser_user_permissions USING btree (permission_id);


--
-- Name: user_api_customuser_username_5a63c891_like; Type: INDEX; Schema: public; Owner: george
--

CREATE INDEX user_api_customuser_username_5a63c891_like ON public.user_api_customuser USING btree (username varchar_pattern_ops);


--
-- Name: user_api_subscribe_author_id_969c804b; Type: INDEX; Schema: public; Owner: george
--

CREATE INDEX user_api_subscribe_author_id_969c804b ON public.user_api_subscribe USING btree (author_id);


--
-- Name: user_api_subscribe_user_id_aab3fd3c; Type: INDEX; Schema: public; Owner: george
--

CREATE INDEX user_api_subscribe_user_id_aab3fd3c ON public.user_api_subscribe USING btree (user_id);


--
-- Name: auth_group_permissions auth_group_permissio_permission_id_84c5c92e_fk_auth_perm; Type: FK CONSTRAINT; Schema: public; Owner: george
--

ALTER TABLE ONLY public.auth_group_permissions
    ADD CONSTRAINT auth_group_permissio_permission_id_84c5c92e_fk_auth_perm FOREIGN KEY (permission_id) REFERENCES public.auth_permission(id) DEFERRABLE INITIALLY DEFERRED;


--
-- Name: auth_group_permissions auth_group_permissions_group_id_b120cbf9_fk_auth_group_id; Type: FK CONSTRAINT; Schema: public; Owner: george
--

ALTER TABLE ONLY public.auth_group_permissions
    ADD CONSTRAINT auth_group_permissions_group_id_b120cbf9_fk_auth_group_id FOREIGN KEY (group_id) REFERENCES public.auth_group(id) DEFERRABLE INITIALLY DEFERRED;


--
-- Name: auth_permission auth_permission_content_type_id_2f476e4b_fk_django_co; Type: FK CONSTRAINT; Schema: public; Owner: george
--

ALTER TABLE ONLY public.auth_permission
    ADD CONSTRAINT auth_permission_content_type_id_2f476e4b_fk_django_co FOREIGN KEY (content_type_id) REFERENCES public.django_content_type(id) DEFERRABLE INITIALLY DEFERRED;


--
-- Name: authtoken_token authtoken_token_user_id_35299eff_fk_user_api_customuser_id; Type: FK CONSTRAINT; Schema: public; Owner: george
--

ALTER TABLE ONLY public.authtoken_token
    ADD CONSTRAINT authtoken_token_user_id_35299eff_fk_user_api_customuser_id FOREIGN KEY (user_id) REFERENCES public.user_api_customuser(id) DEFERRABLE INITIALLY DEFERRED;


--
-- Name: django_admin_log django_admin_log_content_type_id_c4bce8eb_fk_django_co; Type: FK CONSTRAINT; Schema: public; Owner: george
--

ALTER TABLE ONLY public.django_admin_log
    ADD CONSTRAINT django_admin_log_content_type_id_c4bce8eb_fk_django_co FOREIGN KEY (content_type_id) REFERENCES public.django_content_type(id) DEFERRABLE INITIALLY DEFERRED;


--
-- Name: django_admin_log django_admin_log_user_id_c564eba6_fk_user_api_customuser_id; Type: FK CONSTRAINT; Schema: public; Owner: george
--

ALTER TABLE ONLY public.django_admin_log
    ADD CONSTRAINT django_admin_log_user_id_c564eba6_fk_user_api_customuser_id FOREIGN KEY (user_id) REFERENCES public.user_api_customuser(id) DEFERRABLE INITIALLY DEFERRED;


--
-- Name: follow_api_favourite follow_api_favourite_name_id_8d395820_fk_recipe_api_recipe_id; Type: FK CONSTRAINT; Schema: public; Owner: george
--

ALTER TABLE ONLY public.follow_api_favourite
    ADD CONSTRAINT follow_api_favourite_name_id_8d395820_fk_recipe_api_recipe_id FOREIGN KEY (name_id) REFERENCES public.recipe_api_recipe(id) DEFERRABLE INITIALLY DEFERRED;


--
-- Name: follow_api_favourite follow_api_favourite_user_id_597b61af_fk_user_api_customuser_id; Type: FK CONSTRAINT; Schema: public; Owner: george
--

ALTER TABLE ONLY public.follow_api_favourite
    ADD CONSTRAINT follow_api_favourite_user_id_597b61af_fk_user_api_customuser_id FOREIGN KEY (user_id) REFERENCES public.user_api_customuser(id) DEFERRABLE INITIALLY DEFERRED;


--
-- Name: recipe_api_recipe recipe_api_recipe_author_id_109c63e1_fk_user_api_customuser_id; Type: FK CONSTRAINT; Schema: public; Owner: george
--

ALTER TABLE ONLY public.recipe_api_recipe
    ADD CONSTRAINT recipe_api_recipe_author_id_109c63e1_fk_user_api_customuser_id FOREIGN KEY (author_id) REFERENCES public.user_api_customuser(id) DEFERRABLE INITIALLY DEFERRED;


--
-- Name: recipe_api_recipe_ingredients recipe_api_recipe_in_ingredient_id_8d1d8f84_fk_recipe_ap; Type: FK CONSTRAINT; Schema: public; Owner: george
--

ALTER TABLE ONLY public.recipe_api_recipe_ingredients
    ADD CONSTRAINT recipe_api_recipe_in_ingredient_id_8d1d8f84_fk_recipe_ap FOREIGN KEY (ingredient_id) REFERENCES public.recipe_api_ingredient(id) DEFERRABLE INITIALLY DEFERRED;


--
-- Name: recipe_api_recipe_ingredients recipe_api_recipe_in_recipe_id_4ac1d322_fk_recipe_ap; Type: FK CONSTRAINT; Schema: public; Owner: george
--

ALTER TABLE ONLY public.recipe_api_recipe_ingredients
    ADD CONSTRAINT recipe_api_recipe_in_recipe_id_4ac1d322_fk_recipe_ap FOREIGN KEY (recipe_id) REFERENCES public.recipe_api_recipe(id) DEFERRABLE INITIALLY DEFERRED;


--
-- Name: recipe_api_recipe_teg recipe_api_recipe_te_recipe_id_93d1281d_fk_recipe_ap; Type: FK CONSTRAINT; Schema: public; Owner: george
--

ALTER TABLE ONLY public.recipe_api_recipe_teg
    ADD CONSTRAINT recipe_api_recipe_te_recipe_id_93d1281d_fk_recipe_ap FOREIGN KEY (recipe_id) REFERENCES public.recipe_api_recipe(id) DEFERRABLE INITIALLY DEFERRED;


--
-- Name: recipe_api_recipe_teg recipe_api_recipe_teg_tag_id_83f2f0e6_fk_recipe_api_tag_id; Type: FK CONSTRAINT; Schema: public; Owner: george
--

ALTER TABLE ONLY public.recipe_api_recipe_teg
    ADD CONSTRAINT recipe_api_recipe_teg_tag_id_83f2f0e6_fk_recipe_api_tag_id FOREIGN KEY (tag_id) REFERENCES public.recipe_api_tag(id) DEFERRABLE INITIALLY DEFERRED;


--
-- Name: recipe_api_shopping recipe_api_shopping_name_id_7e8d84e7_fk_recipe_api_recipe_id; Type: FK CONSTRAINT; Schema: public; Owner: george
--

ALTER TABLE ONLY public.recipe_api_shopping
    ADD CONSTRAINT recipe_api_shopping_name_id_7e8d84e7_fk_recipe_api_recipe_id FOREIGN KEY (name_id) REFERENCES public.recipe_api_recipe(id) DEFERRABLE INITIALLY DEFERRED;


--
-- Name: user_api_customuser_groups user_api_customuser__customuser_id_15ea66c9_fk_user_api_; Type: FK CONSTRAINT; Schema: public; Owner: george
--

ALTER TABLE ONLY public.user_api_customuser_groups
    ADD CONSTRAINT user_api_customuser__customuser_id_15ea66c9_fk_user_api_ FOREIGN KEY (customuser_id) REFERENCES public.user_api_customuser(id) DEFERRABLE INITIALLY DEFERRED;


--
-- Name: user_api_customuser_user_permissions user_api_customuser__customuser_id_5d75f49b_fk_user_api_; Type: FK CONSTRAINT; Schema: public; Owner: george
--

ALTER TABLE ONLY public.user_api_customuser_user_permissions
    ADD CONSTRAINT user_api_customuser__customuser_id_5d75f49b_fk_user_api_ FOREIGN KEY (customuser_id) REFERENCES public.user_api_customuser(id) DEFERRABLE INITIALLY DEFERRED;


--
-- Name: user_api_customuser_user_permissions user_api_customuser__permission_id_bfb547d4_fk_auth_perm; Type: FK CONSTRAINT; Schema: public; Owner: george
--

ALTER TABLE ONLY public.user_api_customuser_user_permissions
    ADD CONSTRAINT user_api_customuser__permission_id_bfb547d4_fk_auth_perm FOREIGN KEY (permission_id) REFERENCES public.auth_permission(id) DEFERRABLE INITIALLY DEFERRED;


--
-- Name: user_api_customuser_groups user_api_customuser_groups_group_id_0c50ab61_fk_auth_group_id; Type: FK CONSTRAINT; Schema: public; Owner: george
--

ALTER TABLE ONLY public.user_api_customuser_groups
    ADD CONSTRAINT user_api_customuser_groups_group_id_0c50ab61_fk_auth_group_id FOREIGN KEY (group_id) REFERENCES public.auth_group(id) DEFERRABLE INITIALLY DEFERRED;


--
-- Name: user_api_subscribe user_api_subscribe_author_id_969c804b_fk_user_api_customuser_id; Type: FK CONSTRAINT; Schema: public; Owner: george
--

ALTER TABLE ONLY public.user_api_subscribe
    ADD CONSTRAINT user_api_subscribe_author_id_969c804b_fk_user_api_customuser_id FOREIGN KEY (author_id) REFERENCES public.user_api_customuser(id) DEFERRABLE INITIALLY DEFERRED;


--
-- Name: user_api_subscribe user_api_subscribe_user_id_aab3fd3c_fk_user_api_customuser_id; Type: FK CONSTRAINT; Schema: public; Owner: george
--

ALTER TABLE ONLY public.user_api_subscribe
    ADD CONSTRAINT user_api_subscribe_user_id_aab3fd3c_fk_user_api_customuser_id FOREIGN KEY (user_id) REFERENCES public.user_api_customuser(id) DEFERRABLE INITIALLY DEFERRED;


--
-- PostgreSQL database dump complete
--

